<?xml version="1.0" encoding="UTF-8"?>
<metadata>
  <groupId>org.locationtech.geogig</groupId>
  <artifactId>geogig-cli-app</artifactId>
  <versioning>
    <release>1.4.0-alpha-2</release>
    <versions>
      <version>1.7.5</version>
      <version>1.1.2</version>
      <version>1.4.0-alpha-2</version>
      <version>1.48</version>
      <version>1.11</version>
      <version>20.0</version>
      <version>2.0.6</version>
      <version>24.1.1-jre</version>
      <version>1.3.9</version>
      <version>2.0.0</version>
      <version>2.1.3</version>
      <version>1.1</version>
      <version>1.14</version>
      <version>1.1.0</version>
      <version>4.2.0</version>
      <version>1</version>
      <version>1.4</version>
      <version>3.2.2</version>
      <version>3.23.1</version>
      <version>2.6</version>
      <version>1.2</version>
      <version>1.3</version>
      <version>2.12.0</version>
      <version>3.7</version>
      <version>5.14.2</version>
      <version>42.1.1</version>
      <version>2.4.2</version>
      <version>1.0.4</version>
      <version>4.3.7.RELEASE</version>
      <version>3.1.0</version>
      <version>9.4.1.v20170120</version>
      <version>1.16.0-RC1</version>
      <version>1.5.4</version>
      <version>0.7.2</version>
      <version>1.0.8</version>
      <version>1.0</version>
      <version>1.0.2</version>
      <version>0.7.1</version>
      <version>0.34</version>
      <version>1.49</version>
      <version>2.4.1</version>
      <version>2.4</version>
      <version>1.0.3</version>
      <version>1.3.0</version>
    </versions>
    <lastUpdated>20181024190240</lastUpdated>
  </versioning>
</metadata>
